Warehouse,Item,time_index,year,month,day_of_week,week_of_year,Actual Demand,Predicted Demand,MAPE
1,75926,9162,2025,1,4,5,25,113.94298695476027,3.557719478190411
1,775984,9162,2025,1,4,5,5,126.05544976622332,24.211089953244663
1,7629489,9162,2025,1,4,5,20,244.63537377381,11.231768688690499
2,3151059,9162,2025,1,4,5,150,206.20029293512926,0.3746686195675284
1,75926,9161,2025,1,3,5,75,115.6646308665513,0.5421950782206841
1,534545,9161,2025,1,3,5,30,123.59969564992934,3.119989854997645
1,775984,9161,2025,1,3,5,55,127.77709367801435,1.3232198850548065
1,7362818,9161,2025,1,3,5,780,241.74305345636094,0.6900730083892809
1,7609287,9161,2025,1,3,5,100,246.00748097046744,1.4600748097046745
1,7650916,9161,2025,1,3,5,350,246.72774945449783,0.2950635729871491
1,75926,9160,2025,1,2,5,75,117.38627477834234,0.5651503303778979
1,534545,9160,2025,1,2,5,5,125.32133956172038,24.064267912344075
1,775984,9160,2025,1,2,5,45,129.4987375898054,1.8777497242178975
2,3151059,9160,2025,1,2,5,150,209.64358075871132,0.3976238717247422
1,75926,9159,2025,1,1,5,150,119.10791869019158,0.20594720873205613
1,775984,9159,2025,1,1,5,10,131.22038150165463,12.122038150165462
1,7609287,9159,2025,1,1,5,400,249.45076879410772,0.3763730780147307
1,75926,9158,2025,1,0,5,130,120.82956260204082,0.07054182613814751
1,775984,9158,2025,1,0,5,75,132.94202541350387,0.7725603388467183
2,775984,9157,2025,1,6,4,20,159.71413369150832,6.985706684575416
2,2162378,9157,2025,1,6,4,125,183.701640108251,0.4696131208660081
2,3150146,9157,2025,1,6,4,460,200.7920857090503,0.5634954658498906
2,3151038,9157,2025,1,6,4,28,200.807519168593,6.1716971131640355
1,75926,9155,2025,1,4,4,130,111.99386435560882,0.138508735726086
1,375557,9155,2025,1,4,4,5,117.17810529656708,22.435621059313416
1,775984,9155,2025,1,4,4,5,124.10632716707187,23.821265433414375
2,3151059,9155,2025,1,4,4,150,204.2511703359778,0.3616744689065187
1,75926,9154,2025,1,3,4,115,113.71550826739985,0.011169493326957783
1,775984,9154,2025,1,3,4,65,125.8279710788629,0.9358149396748139
1,7650915,9154,2025,1,3,4,280,244.7786095532938,0.1257906801668079
1,7650916,9154,2025,1,3,4,280,244.77862685534637,0.12579061837376296
1,75926,9153,2025,1,2,4,65,115.4371521792491,0.775956187373063
1,775984,9153,2025,1,2,4,50,127.54961499071214,1.550992299814243
1,7609287,9153,2025,1,2,4,100,245.78000228316523,1.4578000228316523
1,75926,9152,2025,1,1,4,210,117.15879609109834,0.4421009709947698
1,775984,9152,2025,1,1,4,30,129.27125890256139,3.309041963418713
1,7609279,9152,2025,1,1,4,300,247.50150777836097,0.17499497407213008
1,75926,9151,2025,1,0,4,105,118.88044000294758,0.13219466669473887
1,375557,9151,2025,1,0,4,25,124.06468094390584,3.9625872377562334
1,534545,9151,2025,1,0,4,5,126.81550478632562,24.363100957265125
1,775984,9151,2025,1,0,4,10,130.99290281441063,12.099290281441062
1,7609279,9151,2025,1,0,4,800,249.22315169021022,0.6884710603872373
2,75926,9151,2025,1,0,4,15,157.9315343509661,9.528768956731074
2,775984,9151,2025,1,0,4,15,170.04399716242915,10.336266477495277
2,2162378,9151,2025,1,0,4,125,194.03150357917184,0.5522520286333747
2,3150146,9151,2025,1,0,4,340,211.12194917997112,0.37905309064714376
2,3151038,9151,2025,1,0,4,62,211.13738263951382,2.405441655476029
2,3151059,9151,2025,1,0,4,200,211.13774598325836,0.05568872991629178
1,75926,9148,2025,1,4,3,325,110.04474175651558,0.6614007945953367
1,375557,9148,2025,1,4,3,435,115.22898269747384,0.735105786902359
1,775984,9148,2025,1,4,3,10,122.15720456797862,11.215720456797863
1,3151109,9148,2025,1,4,3,340,163.25181849306682,0.5198475926674505
2,3151059,9148,2025,1,4,3,150,202.30204773688456,0.34868031824589707
1,75926,9147,2025,1,3,3,80,111.76638566830661,0.39707982085383264
1,375557,9147,2025,1,3,3,440,116.95062660926487,0.7342031213425798
1,775984,9147,2025,1,3,3,45,123.87884847976966,1.752863299550437
1,1467943,9147,2025,1,3,3,25,135.85118170728674,4.43404726829147
1,7629489,9147,2025,1,3,3,60,242.45877248735633,3.040979541455939
1,7830864,9147,2025,1,3,3,40,245.94297979399562,5.148574494849891
1,75926,9146,2025,1,2,3,110,113.48802958015585,0.031709359819598666
1,375557,9146,2025,1,2,3,110,118.67227052111411,0.07883882291921922
1,775984,9146,2025,1,2,3,20,125.6004923916189,5.280024619580945
1,1467943,9146,2025,1,2,3,50,137.57282561913598,1.7514565123827197
1,7629489,9146,2025,1,2,3,10,244.18041639920557,23.418041639920556
2,775984,9146,2025,1,2,3,5,164.65158673963742,31.930317347927485
1,75926,9145,2025,1,1,3,140,115.20967349194689,0.17707376077180795
1,375557,9145,2025,1,1,3,370,120.39391443290515,0.6746110420732293
1,775984,9145,2025,1,1,3,25,127.32213630340993,4.0928854521363975
1,1467943,9145,2025,1,1,3,75,139.29446953092702,0.8572595937456936
2,3151059,9145,2025,1,1,3,250,207.46697947231587,0.17013208211073652
1,75926,9144,2025,1,0,3,25,116.93131740379613,3.6772526961518452
1,775984,9144,2025,1,0,3,75,129.04378021525918,0.7205837362034557
1,1467943,9144,2025,1,0,3,50,141.01611344277626,1.8203222688555252
1,7609279,9144,2025,1,0,3,1000,247.27402909105876,0.7527259709089412
1,7650916,9144,2025,1,0,3,700,247.99443599174265,0.6457222342975105
2,775984,9144,2025,1,0,3,20,168.0948745633359,7.404743728166795
2,2162378,9144,2025,1,0,3,75,192.0823809800786,1.5610984130677146
2,3150146,9144,2025,1,0,3,360,209.17282658087788,0.41896437060867253
2,3151038,9144,2025,1,0,3,53,209.18826004042057,2.946948302649445
1,75926,9141,2025,1,4,2,160,108.09561915742233,0.3244023802661104
1,534545,9141,2025,1,4,2,5,116.03068394080037,22.206136788160073
1,775984,9141,2025,1,4,2,10,120.20808196888538,11.020808196888538
1,2162378,9141,2025,1,4,2,25,144.19558838562807,4.767823535425123
1,2912121,9141,2025,1,4,2,50,157.1677052754676,2.143354105509352
1,3151109,9141,2025,1,4,2,900,161.30269589397358,0.8207747823400293
2,75926,9141,2025,1,4,2,35,147.14671350544086,3.204191814441167
1,75926,9140,2025,1,3,2,60,109.81726306915516,0.8302877178192527
1,375557,9140,2025,1,3,2,395,115.00150401011342,0.7088569518731306
1,534545,9140,2025,1,3,2,5,117.7523278525332,22.55046557050664
1,775984,9140,2025,1,3,2,10,121.92972588061821,11.19297258806182
1,75926,9139,2025,1,2,2,75,111.5389069810044,0.487185426413392
1,375557,9139,2025,1,2,2,230,116.72314792196266,0.4925080525132058
1,534545,9139,2025,1,2,2,5,119.47397176438244,22.894794352876488
1,7629489,9139,2025,1,2,2,40,242.23129380005412,5.055782345001353
1,75926,9138,2025,1,1,2,160,113.26055089285364,0.29212155691966474
1,375557,9138,2025,1,1,2,610,118.4447918338119,0.805828210108505
1,775984,9138,2025,1,1,2,50,125.37301370431669,1.5074602740863339
1,7609279,9138,2025,1,1,2,700,243.60326258011628,0.6519953391712625
1,75926,9137,2025,1,0,2,75,114.98219480470289,0.5330959307293718
1,375557,9137,2025,1,0,2,40,120.16643574566115,2.0041608936415285
1,534545,9137,2025,1,0,2,5,122.91725958808092,23.583451917616184
1,775984,9137,2025,1,0,2,5,127.09465761616593,24.418931523233187
1,7650915,9137,2025,1,0,2,70,246.04529609059682,2.5149328012942402
2,775984,9137,2025,1,0,2,40,166.14575196424266,3.1536437991060664
2,3150146,9137,2025,1,0,2,480,207.22370398178464,0.5682839500379486
1,75926,9134,2025,1,4,1,20,106.14649655832909,4.307324827916455
1,375557,9134,2025,1,4,1,305,111.33073749928735,0.6349811885269268
1,775984,9134,2025,1,4,1,195,118.25895936979214,0.39354379810363005
1,3150593,9134,2025,1,4,1,504,159.34464541915804,0.6838399892477023
1,7362822,9134,2025,1,4,1,140,232.22498835646547,0.6587499168318962
1,7650915,9134,2025,1,4,1,70,237.20959784422303,2.3887085406317574
1,7650916,9134,2025,1,4,1,70,237.2096151462756,2.3887087878039375
2,3151059,9134,2025,1,4,1,450,198.40380253869807,0.5591026610251154
1,75926,9133,2025,1,3,1,130,107.86814047012012,0.17024507330676827
1,375557,9133,2025,1,3,1,100,113.05238141107839,0.13052381411078387
1,534545,9133,2025,1,3,1,5,115.80320525349816,22.16064105069963
1,775984,9133,2025,1,3,1,25,119.98060328158317,3.799224131263327
1,1467943,9133,2025,1,3,1,50,131.95293650910025,1.639058730182005
2,775984,9133,2025,1,3,1,15,159.0316976296599,9.60211317531066
1,75926,9095,2024,11,0,48,65,128.3240043623373,0.9742154517282661
1,775984,9095,2024,11,0,48,51,140.43646717380034,1.7536562190941243
1,7650915,9095,2024,11,0,48,70,259.387105648173,2.705530080688186
2,75926,9095,2024,11,0,48,20,167.37509871041402,7.368754935520701
2,775984,9095,2024,11,0,48,20,179.48756152187707,7.974378076093854
2,3151038,9095,2024,11,0,48,38,220.58094699896174,4.804761763130572
1,75926,9092,2024,11,4,47,165,119.4883061159635,0.2758284477820394
1,775984,9092,2024,11,4,47,40,131.60076892742654,2.2900192231856638
1,1467943,9092,2024,11,4,47,50,143.57310215494363,1.8714620430988724
1,7650915,9092,2024,11,4,47,70,250.55140740179922,2.579305820025703
1,7830864,9092,2024,11,4,47,40,253.6649002416525,5.341622506041313
2,3151059,9092,2024,11,4,47,225,211.74561209633248,0.05890839068296676
1,75926,9091,2024,11,3,47,45,121.20995002781274,1.6935544450625053
1,775984,9091,2024,11,3,47,20,133.32241283927578,5.666120641963789
1,7362818,9091,2024,11,3,47,500,247.28837261762237,0.5054232547647552
1,75926,9090,2024,11,2,47,150,122.93159393954556,0.18045604040302957
1,775984,9090,2024,11,2,47,10,135.0440567510086,12.50440567510086
1,1467943,9090,2024,11,2,47,50,147.0163899785257,1.940327799570514
1,7362822,9090,2024,11,2,47,200,249.01008573768195,0.24505042868840973
1,7609279,9090,2024,11,2,47,300,253.2743056268082,0.155752314577306
1,7609287,9090,2024,11,2,47,200,253.2744440434617,0.2663722202173085
1,7650915,9090,2024,11,2,47,70,253.9946952253813,2.6284956460768756
1,7650916,9090,2024,11,2,47,70,253.99471252749208,2.628495893249887
1,75926,9089,2024,11,1,47,195,124.6532378513948,0.36075262640310357
1,375557,9089,2024,11,1,47,280,129.83747879235307,0.536294718598739
1,775984,9089,2024,11,1,47,10,136.76570066285785,12.676570066285786
1,1467943,9089,2024,11,1,47,50,148.73803389037494,1.9747606778074986
1,7362818,9089,2024,11,1,47,100,250.73166044120444,1.5073166044120443
1,7362822,9089,2024,11,1,47,20,250.7317296495312,11.53658648247656
1,75926,9088,2024,11,0,47,320,126.37488176324405,0.6050784944898624
1,375557,9088,2024,11,0,47,490,131.5591227042023,0.7315119944812197
1,775984,9088,2024,11,0,47,5,138.4873445747071,26.697468914941417
1,7609279,9088,2024,11,0,47,1000,256.7175934505067,0.7432824065494933
1,7629489,9088,2024,11,0,47,400,257.06726858229376,0.3573318285442656
2,75926,9088,2024,11,0,47,10,165.42597611132078,15.542597611132077
2,2162378,9088,2024,11,0,47,100,201.52594533952652,1.0152594533952652
2,3150146,9088,2024,11,0,47,280,218.6163909402676,0.21922717521333002
2,3151038,9088,2024,11,0,47,47,218.6318243998685,3.651740944678053
2,3151059,9088,2024,11,0,47,425,218.63218774361303,0.48557132295620464
1,75926,9085,2024,11,4,46,240,117.53918351687025,0.5102534020130406
1,375557,9085,2024,11,4,46,695,122.72342445782851,0.8234195331542036
1,775984,9085,2024,11,4,46,40,129.6516463283333,2.2412911582083326
1,7362822,9085,2024,11,4,46,40,243.61767531500664,5.090441882875166
1,75926,9084,2024,11,3,46,175,119.2608274287195,0.3185095575501743
1,375557,9084,2024,11,3,46,505,124.44506836967776,0.7535741220402421
1,775984,9084,2024,11,3,46,30,131.37329024018254,3.3791096746727516
1,3151109,9084,2024,11,3,46,440,172.46790416527074,0.6080274905334756
1,7362822,9084,2024,11,3,46,40,245.33931922685588,5.133482980671397
2,3151059,9084,2024,11,3,46,150,211.51813340908848,0.41012088939392316
1,75926,9083,2024,11,2,46,105,120.98247134051053,0.15221401276676694
1,775984,9083,2024,11,2,46,5,133.09493415197358,25.618986830394714
2,775984,9083,2024,11,2,46,25,172.1460285000503,5.885841140002012
1,75926,9082,2024,11,1,46,60,122.70411525235977,1.0450685875393295
1,775984,9082,2024,11,1,46,90,134.81657806382282,0.4979619784869202
1,3150593,9082,2024,11,1,46,432,175.90226411318872,0.5928188330713224
1,3151109,9082,2024,11,1,46,280,175.911191988911,0.3717457428967464
1,7362818,9082,2024,11,1,46,260,248.7825378421694,0.04314408522242537
1,7609279,9082,2024,11,1,46,1000,253.0468269396224,0.7469531730603776
1,7609287,9082,2024,11,1,46,100,253.0469653562759,1.530469653562759
1,7650916,9082,2024,11,1,46,350,253.7672338403063,0.27495076045626776
1,75926,9081,2024,11,0,46,105,124.42575916420901,0.1850072301353239
1,775984,9081,2024,11,0,46,95,136.53822197567206,0.43724444184917954
1,1467943,9081,2024,11,0,46,50,148.51055520318914,1.9702111040637829
1,7830864,9081,2024,11,0,46,40,258.602353289898,5.4650588322474505
2,2162378,9081,2024,11,0,46,175,199.57682274043327,0.14043898708819014
2,3150146,9081,2024,11,0,46,420,216.66726834117435,0.4841255515686325
2,3151038,9081,2024,11,0,46,68,216.68270180077525,2.186510320599636
2,3151059,9081,2024,11,0,46,550,216.6830651445198,0.6060307906463277
1,75926,9071,2024,11,4,44,85,113.64093831868377,0.3369522155139267
1,375557,9071,2024,11,4,44,525,118.82517925964203,0.7736663252197294
1,775984,9071,2024,11,4,44,24,125.75340113014681,4.2397250470894505
1,2912121,9071,2024,11,4,44,25,162.71302443672903,5.5085209774691615
1,7609279,9071,2024,11,4,44,400,243.9836500059464,0.390040874985134
2,3151059,9071,2024,11,4,44,150,205.89824429899454,0.37265496199329695
1,75926,9070,2024,10,3,44,150,123.2424329208443,0.1783837805277047
1,375557,9070,2024,10,3,44,225,128.42667386180256,0.4292147828364331
1,775984,9070,2024,10,3,44,35,135.35489573230734,2.8672827352087813
1,7609287,9070,2024,10,3,44,400,253.58528302476043,0.36603679243809895
1,7650915,9070,2024,10,3,44,700,254.30553420668002,0.6367063797047429
1,7830864,9070,2024,10,3,44,40,257.4190270465333,5.435475676163333
1,75926,9069,2024,10,2,44,70,124.96407683269354,0.7852010976099076
1,375557,9069,2024,10,2,44,100,130.1483177736518,0.30148317773651795
1,775984,9069,2024,10,2,44,25,137.07653964415658,4.483061585766263
1,1467943,9069,2024,10,2,44,50,149.04887287167367,1.9809774574334733
1,2162378,9069,2024,10,2,44,50,161.06404606089927,2.2212809212179856
1,7629489,9069,2024,10,2,44,20,255.65646365174325,11.782823182587162
1,7650916,9069,2024,10,2,44,420,256.02719542064006,0.39041143947466656
1,75926,9068,2024,10,1,44,155,126.68572074454278,0.1826727693900466
1,375557,9068,2024,10,1,44,795,131.86996168550104,0.8341258343578604
1,775984,9068,2024,10,1,44,25,138.79818355600582,4.551927342240233
1,1467943,9068,2024,10,1,44,50,150.7705167835229,2.0154103356704582
1,7650915,9068,2024,10,1,44,70,257.7488220303785,2.682126029005407
2,3151059,9068,2024,10,1,44,150,218.94302672491176,0.4596201781660784
1,75926,9067,2024,10,0,44,15,128.4073646563338,7.560490977088921
1,375557,9067,2024,10,0,44,125,133.59160559729207,0.06873284477833659
1,534545,9067,2024,10,0,44,10,136.34242943971185,12.634242943971184
1,3151109,9067,2024,10,0,44,640,181.61444139288506,0.7162274353236171
1,7362818,9067,2024,10,0,44,80,254.48578724614345,2.181072340576793
1,7362822,9067,2024,10,0,44,220,254.4858564544702,0.15675389297486453
2,2162378,9067,2024,10,0,44,125,203.55842823261628,0.6284674258609302
2,3150146,9067,2024,10,0,44,200,220.64887383335736,0.10324436916678678
2,3151038,9067,2024,10,0,44,34,220.66430729295826,5.490126685087008
2,3151059,9067,2024,10,0,44,600,220.6646706367028,0.6322255489388287
1,75926,9064,2024,10,4,43,85,119.57166640990181,0.4067254871753154
1,375557,9064,2024,10,4,43,440,124.75590735086007,0.7164638469298634
1,775984,9064,2024,10,4,43,135,131.68412922136486,0.024562005767667736
1,2912121,9064,2024,10,4,43,50,168.64375252794707,2.3728750505589415
1,75926,9063,2024,10,3,43,50,121.29331032175105,1.425866206435021
1,375557,9063,2024,10,3,43,225,126.47755126270931,0.4378775499435142
1,1467943,9063,2024,10,3,43,50,145.37810636073118,1.9075621272146237
1,7650916,9063,2024,10,3,43,70,252.35642890969757,2.6050918415671083
2,775984,9063,2024,10,3,43,5,172.45686748129083,33.49137349625816
2,3151059,9063,2024,10,3,43,150,213.55061630212003,0.4236707753474669
1,75926,9062,2024,10,2,43,125,123.01495423360029,0.01588036613119766
1,375557,9062,2024,10,2,43,695,128.19919517455855,0.8155407263675416
1,534545,9062,2024,10,2,43,10,130.95001901697833,12.095001901697833
1,775984,9062,2024,10,2,43,10,135.12741704506334,12.512741704506334
1,7609287,9062,2024,10,2,43,900,253.35780433751643,0.7184913285138707
1,75926,9061,2024,10,1,43,75,124.73659814539133,0.663154641938551
1,375557,9061,2024,10,1,43,545,129.9208390863496,0.7616131392911016
1,775984,9061,2024,10,1,43,25,136.84906095685437,4.4739624382741745
1,7609279,9061,2024,10,1,43,900,255.07930983265396,0.7165785446303845
2,3151059,9061,2024,10,1,43,150,216.9939041257603,0.44662602750506875
1,75926,9060,2024,10,0,43,50,126.45824205718236,1.5291648411436471
1,375557,9060,2024,10,0,43,345,131.64248299814062,0.6184275855126359
1,775984,9060,2024,10,0,43,110,138.5707048686454,0.25973368062404917
1,3150593,9060,2024,10,0,43,216,179.6563909180113,0.16825744945365134
1,7650915,9060,2024,10,0,43,70,257.5213433430181,2.678876333471687
1,7650916,9060,2024,10,0,43,350,257.5213606451289,0.26422468387106035
1,7830864,9060,2024,10,0,43,40,260.63483618287137,5.515870904571784
2,2162378,9060,2024,10,0,43,150,201.60930563346483,0.34406203755643217
2,3150146,9060,2024,10,0,43,180,218.6997512342059,0.21499861796781058
2,3151038,9060,2024,10,0,43,30,218.7151846938068,6.290506156460227
2,3151059,9060,2024,10,0,43,400,218.71554803755134,0.45321112990612167
1,75926,9057,2024,10,4,42,135,117.62254381086677,0.12872189769728315
1,375557,9057,2024,10,4,42,375,122.80678475182503,0.6725152406617999
1,775984,9057,2024,10,4,42,5,129.73500662232982,24.947001324465965
1,7609279,9057,2024,10,4,42,1000,247.9652554981294,0.7520347445018706
1,75926,9056,2024,10,3,42,25,119.34418772265781,3.773767508906312
1,375557,9056,2024,10,3,42,85,124.52842866361607,0.46504033721901256
1,775984,9056,2024,10,3,42,40,131.45665053412085,2.286416263353021
1,1467943,9056,2024,10,3,42,200,143.42898376163794,0.2828550811918103
1,7650915,9056,2024,10,3,42,70,250.40728900849354,2.5772469858356217
1,75926,9055,2024,10,2,42,70,121.06583163450705,0.7295118804929578
1,375557,9055,2024,10,2,42,280,126.25007257546531,0.5491068836590525
1,775984,9055,2024,10,2,42,30,133.1782944459701,3.4392764815323367
1,2912121,9055,2024,10,2,42,50,170.1379177525523,2.4027583550510463
1,3151109,9055,2024,10,2,42,440,174.2729083710583,0.6039252082475948
1,7362818,9055,2024,10,2,42,900,247.14425422431668,0.7253952730840926
1,7609279,9055,2024,10,2,42,500,251.40854332176968,0.49718291335646064
1,7609287,9055,2024,10,2,42,1000,251.40868173842318,0.7485913182615768
1,75926,9054,2024,10,1,42,295,122.78747554635629,0.5837712693343855
1,375557,9054,2024,10,1,42,565,127.97171648731455,0.7735013867481159
1,775984,9054,2024,10,1,42,30,134.89993835781934,3.496664611927311
1,1467943,9054,2024,10,1,42,75,146.87227158533642,0.9582969544711523
1,75926,9053,2024,10,0,42,110,124.50911945814732,0.1319010859831575
1,775984,9053,2024,10,0,42,40,136.62158226961037,2.415539556740259
2,775984,9053,2024,10,0,42,5,175.6726766176871,34.13453532353742
2,2162378,9053,2024,10,0,42,100,199.6601830344298,0.996601830344298
2,3150146,9053,2024,10,0,42,200,216.75062863517087,0.08375314317585435
2,3151038,9053,2024,10,0,42,35,216.76606209477177,5.193316059850622
2,3151059,9053,2024,10,0,42,800,216.7664254385163,0.7290419682018546
1,75926,9050,2024,10,4,41,5,115.67342121171532,22.134684242343063
1,375557,9050,2024,10,4,41,30,120.85766215267358,3.0285887384224526
1,775984,9050,2024,10,4,41,20,127.78588402317837,5.389294201158918
1,7609279,9050,2024,10,4,41,900,246.01613289897796,0.7266487412233579
1,75926,9049,2024,10,3,41,80,117.39506512356456,0.46743831404455705
1,375557,9049,2024,10,3,41,755,122.57930606452283,0.8376433032257976
1,534545,9049,2024,10,3,41,10,125.3301299069426,11.53301299069426
1,775984,9049,2024,10,3,41,20,129.5075279350276,5.475376396751381
1,7609279,9049,2024,10,3,41,900,247.7377768108272,0.7247358035435253
1,7629489,9049,2024,10,3,41,50,248.08745194261428,3.9617490388522856
1,7650915,9049,2024,10,3,41,70,248.4581664094003,2.549402377277147
1,75926,9048,2024,10,2,41,80,119.1167090354138,0.48895886294267255
1,375557,9048,2024,10,2,41,100,124.30094997637207,0.24300949976372066
1,775984,9048,2024,10,2,41,15,131.22917184687685,7.748611456458457
1,7609287,9048,2024,10,2,41,300,249.45955913932994,0.16846813620223353
1,75926,9047,2024,10,1,41,260,120.83835294726305,0.5352371040489883
1,775984,9047,2024,10,1,41,205,132.9508157587261,0.35145943532328733
2,3151059,9047,2024,10,1,41,300,213.09565892763203,0.2896811369078932
1,75926,9046,2024,10,0,41,135,122.55999685899587,0.09214817141484538
1,775984,9046,2024,10,0,41,30,134.67245967045892,3.4890819890152973
1,1467943,9046,2024,10,0,41,50,146.644792897976,1.9328958579595201
1,3151109,9046,2024,10,0,41,340,175.76707359554712,0.4830380188366261
1,7830864,9046,2024,10,0,41,40,256.7365909846849,5.418414774617122
2,775984,9046,2024,10,0,41,25,173.72355401853565,5.948942160741426
2,2162378,9046,2024,10,0,41,100,197.71106043527834,0.9771106043527834
2,2912121,9046,2024,10,0,41,75,210.68317732511787,1.8091090310015716
2,3150146,9046,2024,10,0,41,480,214.80150603601942,0.5524968624249595
2,3151038,9046,2024,10,0,41,33,214.81693949562032,5.509604227140009
1,75926,9043,2024,10,4,40,15,113.72429861262208,6.581619907508139
1,375557,9043,2024,10,4,40,20,118.90853955358034,4.945426977679017
1,775984,9043,2024,10,4,40,80,125.83676142408513,0.572959517801064
1,7609287,9043,2024,10,4,40,1000,244.0671487165382,0.7559328512834618
1,75926,9042,2024,10,3,40,65,115.44594252447132,0.7760914234534049
1,375557,9042,2024,10,3,40,185,120.63018346542958,0.3479449542409212
1,3151038,9042,2024,10,3,40,8,168.65179081301903,20.08147385162738
1,7362822,9042,2024,10,3,40,100,241.5244343226077,1.415244343226077
1,75926,9041,2024,10,2,40,50,117.16758643626235,1.343351728725247
1,375557,9041,2024,10,2,40,675,122.35182737722062,0.8187380335152287
1,75926,9040,2024,10,1,40,140,118.8892303481116,0.15079121179920288
1,775984,9040,2024,10,1,40,25,131.00169315957464,4.240067726382986
1,1467943,9040,2024,10,1,40,75,142.97402638709173,0.9063203518278897
1,2162378,9040,2024,10,1,40,25,154.98919957631733,5.1995679830526935
1,7609279,9040,2024,10,1,40,300,249.23194203537423,0.16922685988208588
1,7629489,9040,2024,10,1,40,10,249.5816171671613,23.95816171671613
2,3151059,9040,2024,10,1,40,250,211.14653632848058,0.15541385468607768
1,75926,8796,2024,1,2,5,85,119.86695168132428,0.41019943154499156
1,375557,8796,2024,1,2,5,120,125.05119262228254,0.04209327185235452
1,775984,8796,2024,1,2,5,20,131.97941449278733,5.598970724639367
1,7609279,8796,2024,1,2,5,800,250.20966336858692,0.6872379207892664
1,75926,8795,2024,1,1,5,180,121.58859559317352,0.3245078022601471
1,775984,8795,2024,1,1,5,30,133.70105840463657,3.456701946821219
1,3151038,8795,2024,1,1,5,15,174.79444388172124,10.652962925448083
1,75926,8794,2024,1,0,5,35,123.31023950502276,2.5231497001435077
1,375557,8794,2024,1,0,5,50,128.49448044598103,1.5698896089196206
1,3151038,8794,2024,1,0,5,6,176.51608779357048,28.41934796559508
1,7629489,8794,2024,1,0,5,50,254.00262632407248,4.08005252648145
2,2162378,8794,2024,1,0,5,150,198.46130308130523,0.32307535387536823
2,2912121,8794,2024,1,0,5,50,211.43341997114476,3.228668399422895
2,3150146,8794,2024,1,0,5,360,215.5517486820463,0.40124514254987137
2,3151059,8794,2024,1,0,5,300,215.56754548539175,0.2814415150486942
1,75926,8791,2024,1,4,4,190,114.47454125859076,0.3975024144284697
1,375557,8791,2024,1,4,4,265,119.65878219954902,0.5484574256620791
1,775984,8791,2024,1,4,4,10,126.58700407005381,11.65870040700538
1,75926,8790,2024,1,3,4,55,116.1961851703818,1.1126579121887599
1,775984,8790,2024,1,3,4,15,128.30864798184484,7.553909865456323
1,75926,8789,2024,1,2,4,170,117.91782908223104,0.3063657112809939
1,375557,8789,2024,1,2,4,135,123.1020700231893,0.08813281464304223
1,775984,8789,2024,1,2,4,5,130.03029189369408,25.006058378738818
1,75926,8788,2024,1,1,4,230,119.63947299402207,0.47982837828686054
1,375557,8788,2024,1,1,4,560,124.82371393498033,0.7771005108303922
1,775984,8788,2024,1,1,4,15,131.75193580548512,7.783462387032341
1,7609279,8788,2024,1,1,4,1000,249.9821846812847,0.7500178153187153
1,7629489,8788,2024,1,1,4,10,250.3318598130718,24.033185981307177
1,75926,8787,2024,1,0,4,125,121.36111690587131,0.029111064753029495
1,375557,8787,2024,1,0,4,425,126.54535784682957,0.7022462168309892
1,775984,8787,2024,1,0,4,10,133.47357971733436,12.347357971733436
1,1467943,8787,2024,1,0,4,25,145.44591294485144,4.817836517794058
1,7629489,8787,2024,1,0,4,10,252.05350372492103,24.205350372492102
2,2162378,8787,2024,1,0,4,50,196.51218048215378,2.9302436096430755
2,3150146,8787,2024,1,0,4,320,213.60262608289486,0.3324917934909536
2,3151038,8787,2024,1,0,4,45,213.61805954249576,3.747067989833239
2,3151059,8787,2024,1,0,4,300,213.6184228862403,0.287938590379199
1,75926,8784,2024,1,4,3,135,112.52541865949752,0.16647838030001838
1,375557,8784,2024,1,4,3,360,117.70965960045578,0.6730287233320673
1,534545,8784,2024,1,4,3,5,120.46048344287556,23.09209668857511
1,775984,8784,2024,1,4,3,10,124.63788147096056,11.463788147096057
1,7609287,8784,2024,1,4,3,300,242.86826876341365,0.1904391041219545
1,75926,8783,2024,1,3,3,75,114.24706257123034,0.5232941676164046
1,375557,8783,2024,1,3,3,200,119.4313035121886,0.402843482439057
1,775984,8783,2024,1,3,3,5,126.35952538269339,24.27190507653868
1,7650915,8783,2024,1,3,3,140,245.31016385706607,0.7522154561219005
1,75926,8782,2024,1,2,3,80,115.96870648307959,0.4496088310384948
1,775984,8782,2024,1,2,3,20,128.08116929454263,5.4040584647271315
1,7609287,8782,2024,1,2,3,200,246.31155658699572,0.2315577829349786
1,75926,8781,2024,1,1,3,170,117.69035039492883,0.307703821206301
1,775984,8781,2024,1,1,3,10,129.80281320639187,11.980281320639188
1,3151038,8781,2024,1,1,3,11,170.89619868347654,14.53601806213423
1,75926,8780,2024,1,0,3,90,119.41199430677807,0.32679993674197855
1,375557,8780,2024,1,0,3,440,124.59623524773633,0.7168267380733265
1,775984,8780,2024,1,0,3,5,131.52445711824112,25.304891423648222
1,3151038,8780,2024,1,0,3,5,172.61784259532578,33.52356851906516
1,7629489,8780,2024,1,0,3,60,250.10438112582779,3.1684063520971297
2,2162378,8780,2024,1,0,3,100,194.56305788306054,0.9456305788306054
2,3150146,8780,2024,1,0,3,300,211.65350348380161,0.2944883217206613
2,3151059,8780,2024,1,0,3,550,211.66930028714705,0.6151467267506417
1,75926,8777,2024,1,4,2,105,110.57629606034607,0.0531075815271054
1,375557,8777,2024,1,4,2,385,115.76053700130433,0.6993232805160926
1,775984,8777,2024,1,4,2,95,122.68875887180911,0.2914606197032538
1,7830864,8777,2024,1,4,2,40,244.75289018603507,5.118822254650877
1,75926,8776,2024,1,3,2,125,112.2979399721371,0.10161648022290319
1,775984,8776,2024,1,3,2,10,124.41040278360015,11.441040278360015
1,75926,8775,2024,1,2,2,40,114.01958388398634,1.8504895970996587
1,775984,8775,2024,1,2,2,5,126.13204669544939,24.226409339089876
1,75926,8774,2024,1,1,2,60,115.74122779583558,0.9290204632639264
1,375557,8774,2024,1,1,2,460,120.92546873679385,0.7371185462243612
1,3151038,8774,2024,1,1,2,17,168.9470760843833,8.93806329908137
1,75926,8773,2024,1,0,2,220,117.46287170762662,0.46607785587442446
1,775984,8773,2024,1,0,2,20,129.57533451908967,5.478766725954483
1,7629489,8773,2024,1,0,2,20,248.15525852667633,11.407762926333817
2,3150146,8773,2024,1,0,2,360,209.70438088465016,0.41748783087597174
2,3151038,8773,2024,1,0,2,43,209.71981434425106,3.8772049847500245
2,3151059,8773,2024,1,0,2,550,209.7201776879956,0.6186905860218261
1,75926,8770,2024,1,4,1,90,108.62717346131103,0.20696859401456702
1,375557,8770,2024,1,4,1,255,113.81141440226929,0.553680727834238
1,7609287,8770,2024,1,4,1,300,238.97002356522717,0.20343325478257612
1,7629489,8770,2024,1,4,1,60,239.31956028036075,2.9886593380060122
1,75926,8769,2024,1,3,1,40,110.34881737310207,1.7587204343275515
1,375557,8769,2024,1,3,1,390,115.53305831406033,0.7037613889383069
1,775984,8769,2024,1,3,1,5,122.46128018456511,23.492256036913023
1,7629489,8769,2024,1,3,1,20,241.04120419215178,11.052060209607589
1,75926,8768,2024,1,2,1,240,112.0704612848931,0.5330397446462788
1,375557,8768,2024,1,2,1,145,117.25470222585136,0.1913468812010251
1,775984,8768,2024,1,2,1,35,124.18292409635615,2.548083545610176
1,75926,8767,2024,1,1,1,75,113.79210519674234,0.5172280692898978
1,375557,8767,2024,1,1,1,50,118.9763461377006,1.3795269227540121
1,534545,8767,2024,1,1,1,30,121.72716998012038,3.0575723326706794
1,2162378,8767,2024,1,1,1,75,149.89207442494808,0.9985609923326411
1,3151109,8767,2024,1,1,1,740,166.99918193329358,0.7743254298198735
1,7362818,8767,2024,1,1,1,860,239.87052778655197,0.7210807816435442
1,7650916,8767,2024,1,1,1,140,244.85522378468886,0.748965884176349
1,75926,8766,2024,1,0,1,10,115.51374910859158,10.551374910859158
1,75926,8728,2023,11,4,47,10,121.96898301888723,11.196898301888723
1,75926,8726,2023,11,2,47,25,125.4122708425275,4.0164908337011
1,375557,8726,2023,11,2,47,200,130.59651178348577,0.34701744108257115
1,775984,8726,2023,11,2,47,5,137.52473365399055,26.50494673079811
1,75926,8725,2023,11,1,47,50,127.13391475437675,1.5426782950875348
1,375557,8725,2023,11,1,47,445,132.318155695335,0.7026558298981236
1,775984,8725,2023,11,1,47,5,139.2463775658398,26.84927551316796
1,75926,8724,2023,11,0,47,120,128.855558666226,0.0737963222185499
1,375557,8724,2023,11,0,47,950,134.03979960718425,0.8589054740977008
1,775984,8724,2023,11,0,47,35,140.96802147768904,3.027657756505401
1,2162378,8724,2023,11,0,47,75,164.95552789443173,1.199407038592423
1,3150593,8724,2023,11,0,47,216,182.05370752705494,0.1571587614488197
2,2162378,8724,2023,11,0,47,175,204.00662224245025,0.1657521270997157
2,3150146,8724,2023,11,0,47,260,221.09706784319133,0.14962666214157183
2,3151038,8724,2023,11,0,47,46,221.11250130279223,3.80679350658244
2,3151059,8724,2023,11,0,47,150,221.11286464653676,0.4740857643102451
1,75926,8721,2023,11,4,46,45,120.0198604198522,1.6671080093300488
1,375557,8721,2023,11,4,46,370,125.20410136081045,0.6616105368626745
1,775984,8721,2023,11,4,46,35,132.13232323131524,2.7752092351804354
1,75926,8720,2023,11,3,46,250,121.74150433170144,0.5130339826731942
1,375557,8720,2023,11,3,46,350,126.9257452726597,0.6373550135066866
1,534545,8720,2023,11,3,46,5,129.67656911507947,24.935313823015896
1,775984,8720,2023,11,3,46,90,133.85396714316448,0.4872663015907165
1,75926,8719,2023,11,2,46,45,123.46314824349247,1.7436255165220549
1,375557,8719,2023,11,2,46,360,128.64738918445073,0.6426461411543035
1,775984,8719,2023,11,2,46,25,135.57561105495552,4.423024442198221
1,1467943,8719,2023,11,2,46,25,147.5479442824726,4.901917771298904
1,7609287,8719,2023,11,2,46,300,253.8059983474086,0.153980005508638
1,7830864,8719,2023,11,2,46,40,257.6397423691815,5.440993559229537
1,75926,8718,2023,11,1,46,115,125.1847921552835,0.08856341004594351
1,375557,8718,2023,11,1,46,40,130.36903309624176,2.259225827406044
1,775984,8718,2023,11,1,46,60,137.29725496674655,1.2882875827791092
1,3151038,8718,2023,11,1,46,28,178.39064044383122,5.3710943015654005
1,75926,8717,2023,11,0,46,110,126.90643606713274,0.1536948733375704
1,775984,8717,2023,11,0,46,20,139.0188988785958,5.950944943929789
1,2162378,8717,2023,11,0,46,75,163.00640529533848,1.1734187372711797
1,3151109,8717,2023,11,0,46,900,180.113512803684,0.7998738746625733
2,1467943,8717,2023,11,0,46,550,190.0423264541896,0.6544684973560189
2,3150146,8717,2023,11,0,46,320,219.1479452441563,0.31516267111201157
2,3151059,8717,2023,11,0,46,450,219.16374204750173,0.5129694621166628
1,75926,8714,2023,11,4,45,120,118.07073782075895,0.01607718482700875
1,375557,8714,2023,11,4,45,510,123.25497876171721,0.7583235710554564
1,534545,8714,2023,11,4,45,10,126.00580260413699,11.600580260413698
1,775984,8714,2023,11,4,45,100,130.183200632222,0.30183200632221996
1,75926,8706,2023,11,3,44,60,117.84325913345674,0.9640543188909457
1,375557,8706,2023,11,3,44,75,123.027500074415,0.6403666676588667
1,775984,8706,2023,11,3,44,10,129.9557219449198,11.995572194491979
1,75926,8705,2023,11,2,44,125,119.56490304524777,0.043480775638017805
1,775984,8705,2023,11,2,44,5,131.67736585671082,25.335473171342166
1,75926,8704,2023,10,1,44,170,129.16639764752472,0.2401976608969134
1,375557,8704,2023,10,1,44,200,134.35063858848298,0.3282468070575851
1,775984,8704,2023,10,1,44,10,141.27886045898777,13.127886045898777
1,3151038,8704,2023,10,1,44,18,182.37224593607243,9.131791440892913
1,75926,8703,2023,10,0,44,85,130.88804155925754,0.5398593124618535
1,375557,8703,2023,10,0,44,405,136.0722825002158,0.6640190555550227
1,775984,8703,2023,10,0,44,15,143.0005043707206,8.53336695804804
1,7362822,8703,2023,10,0,44,220,256.9665333573939,0.16802969707906332
2,2162378,8703,2023,10,0,44,150,206.03910513554,0.37359403423693344
2,3150146,8703,2023,10,0,44,320,223.1295507362811,0.3027201539491216
2,3151038,8703,2023,10,0,44,41,223.144984195882,4.442560590143463
2,3151059,8703,2023,10,0,44,300,223.14534753962653,0.25618217486791156
1,75926,8700,2023,10,4,43,20,122.05234331288375,5.102617165644188
1,375557,8700,2023,10,4,43,90,127.23658425384201,0.413739825042689
1,7609287,8700,2023,10,4,43,500,252.39519341679988,0.4952096131664002
1,75926,8699,2023,10,3,43,115,123.77398722473299,0.07629554108463471
1,375557,8699,2023,10,3,43,100,128.95822816569125,0.2895822816569125
1,75926,8698,2023,10,2,43,75,125.49563113652403,0.6732750818203204
1,375557,8698,2023,10,2,43,80,130.6798720774823,0.6334984009685286
1,775984,8698,2023,10,2,43,10,137.60809394798707,12.760809394798708
1,7629489,8698,2023,10,2,43,20,256.18801795557374,11.809400897778687
1,75926,8697,2023,10,1,43,125,127.21727504837327,0.017738200386986137
1,375557,8697,2023,10,1,43,100,132.40151598933153,0.3240151598933153
1,775984,8697,2023,10,1,43,20,139.3297378598363,5.966486892991815
1,7650916,8697,2023,10,1,43,70,258.2803936363198,2.689719909090283
1,7830864,8697,2023,10,1,43,40,261.3938691740623,5.534846729351557
1,75926,8696,2023,10,0,43,90,128.9389189601643,0.43265465511293666
1,375557,8696,2023,10,0,43,55,134.12315990112256,1.4386029072931374
1,534545,8696,2023,10,0,43,30,136.87398374354234,3.5624661247847444
1,775984,8696,2023,10,0,43,5,141.05138177162735,27.21027635432547
1,2162378,8696,2023,10,0,43,100,165.03888818837004,0.6503888818837004
1,3151038,8696,2023,10,0,43,11,182.14476724871201,15.558615204428365
2,2162378,8696,2023,10,0,43,75,204.08998253644677,1.7211997671526236
2,2912121,8696,2023,10,0,43,50,217.0620994262863,3.341241988525726
2,3150146,8696,2023,10,0,43,300,221.18042813718785,0.26273190620937387
2,3151059,8696,2023,10,0,43,400,221.19622494053328,0.4470094376486668
1,75926,8693,2023,10,4,42,25,120.1032207137905,3.80412882855162
1,375557,8693,2023,10,4,42,240,125.28746165474877,0.4779689097718801
1,775984,8693,2023,10,4,42,10,132.21568352525355,12.221568352525356
1,2912121,8693,2023,10,4,42,50,169.17530683183577,2.3835061366367154
1,75926,8692,2023,10,3,42,35,121.82486462563975,2.4807104178754216
1,375557,8692,2023,10,3,42,215,127.00910556659801,0.40925997410884646
1,534545,8692,2023,10,3,42,5,129.7599294090178,24.95198588180356
1,775984,8692,2023,10,3,42,50,133.9373274371028,1.6787465487420559
1,7609279,8692,2023,10,3,42,900,252.16757631290238,0.7198138040967751
1,7609287,8692,2023,10,3,42,200,252.16771472955588,0.2608385736477794
1,75926,8691,2023,10,2,42,130,123.54650853748899,0.04964224201931546
1,375557,8691,2023,10,2,42,425,128.73074947844725,0.6971041188742417
1,75926,8690,2023,10,1,42,245,125.26815244933823,0.4887014185741297
1,375557,8690,2023,10,1,42,220,130.4523933902965,0.4070345754986523
1,775984,8690,2023,10,1,42,15,137.38061526080128,8.158707684053418
1,3151038,8690,2023,10,1,42,28,178.47400073788594,5.374071454924498
1,7650915,8690,2023,10,1,42,140,256.33125373517396,0.830937526679814
1,75926,8689,2023,10,0,42,125,126.98979636107106,0.01591837088856846
1,375557,8689,2023,10,0,42,620,132.17403730202932,0.7868160688676946
1,775984,8689,2023,10,0,42,15,139.1022591725923,8.273483944839487
2,2162378,8689,2023,10,0,42,125,202.14085993735353,0.6171268794988282
2,3150146,8689,2023,10,0,42,280,219.2313055380946,0.21703105164966213
2,3151038,8689,2023,10,0,42,99,219.2467389976955,1.2146135252292476
2,3151059,8689,2023,10,0,42,150,219.24710234144004,0.4616473489429336
1,75926,8686,2023,10,4,41,180,118.15409811469726,0.3435883438072374
1,534545,8686,2023,10,4,41,10,126.0891628980753,11.60891628980753
1,775984,8686,2023,10,4,41,140,130.2665609261603,0.06952456481314065
1,75926,8685,2023,10,3,41,55,119.8757420265465,1.1795589459372091
1,375557,8685,2023,10,3,41,425,125.05998296750477,0.7057412165470476
1,775984,8685,2023,10,3,41,45,131.98820483800955,1.9330712186224344
1,75926,8684,2023,10,2,41,75,121.59738593833754,0.6212984791778339
1,375557,8684,2023,10,2,41,240,126.7816268792958,0.4717432213362675
1,75926,8683,2023,10,1,41,110,123.31902985018678,0.12108208954715255
1,375557,8683,2023,10,1,41,535,128.50327079114504,0.759806970483841
1,775984,8683,2023,10,1,41,35,135.43149266164983,2.869471218904281
1,3151038,8683,2023,10,1,41,16,176.5248781387345,10.032804883670906
1,7609279,8683,2023,10,1,41,1000,253.66174153744942,0.7463382584625505
1,75926,8682,2023,10,0,41,95,125.04067376197781,0.31621761854713487
1,375557,8682,2023,10,0,41,225,130.22491470293608,0.4212226013202841
1,534545,8682,2023,10,0,41,30,132.97573854535585,3.4325246181785283
1,775984,8682,2023,10,0,41,55,137.15313657344086,1.4936933922443794
1,7650916,8682,2023,10,0,41,70,256.10379234992433,2.658625604998919
1,7830864,8682,2023,10,0,41,40,259.2172678876668,5.480431697191671
2,2162378,8682,2023,10,0,41,125,200.19173733826028,0.6015338987060822
2,3150146,8682,2023,10,0,41,260,217.28218293900136,0.1642992963884563
2,3151038,8682,2023,10,0,41,48,217.29761639860226,3.5270336749708804
2,3151059,8682,2023,10,0,41,250,217.2979797423468,0.1308080810306128
1,75926,8679,2023,10,4,40,250,116.20497551554581,0.5351800979378167
1,375557,8679,2023,10,4,40,75,121.38921645650407,0.618522886086721
1,775984,8679,2023,10,4,40,500,128.31743832700886,0.7433651233459823
1,75926,8678,2023,10,3,40,35,117.92661942739505,2.3693319836398588
1,375557,8678,2023,10,3,40,160,123.11086036835331,0.23055712269779177
1,775984,8678,2023,10,3,40,55,130.0390822388581,1.36434694979742
1,7609279,8678,2023,10,3,40,400,248.2693311146577,0.37932667221335575
1,7609287,8678,2023,10,3,40,400,248.2694695313112,0.379326326171722
1,7629489,8678,2023,10,3,40,20,248.61900624644477,11.430950312322238
1,75926,8677,2023,10,2,40,120,119.6482633392443,0.002931138839630876
1,375557,8677,2023,10,2,40,80,124.83250428020256,0.560406303502532
1,775984,8677,2023,10,2,40,20,131.76072615070734,5.588036307535367
1,75926,8676,2023,10,1,40,195,121.36990725109354,0.37759021922516134
1,375557,8676,2023,10,1,40,25,126.5541481920518,4.062165927682072
1,775984,8676,2023,10,1,40,10,133.48237006255658,12.348237006255658
1,3151038,8676,2023,10,1,40,14,174.57575553964125,11.469696824260089
1,7650915,8676,2023,10,1,40,140,252.43300853692926,0.8030929181209233
1,75926,8675,2023,10,0,40,105,123.09155116288457,0.17230048726556735
1,375557,8675,2023,10,0,40,190,128.27579210384283,0.3248642520850377
1,775984,8675,2023,10,0,40,35,135.20401397434762,2.8629718278385035
1,3150593,8675,2023,10,0,40,288,176.28970002371352,0.38788298602877247
1,3151109,8675,2023,10,0,40,880,176.29862789943581,0.7996606501142774
1,7362822,8675,2023,10,0,40,160,249.17004296102095,0.557312768506381
2,2162378,8675,2023,10,0,40,350,198.24261473916704,0.4335925293166656
2,3150146,8675,2023,10,0,40,120,215.33306033990812,0.7944421694992343
1,75926,8431,2023,1,1,5,30,124.06927249609726,3.1356424165365753
1,375557,8431,2023,1,1,5,5,129.25351343705552,24.850702687411104
1,3151038,8431,2023,1,1,5,11,177.27512078464497,15.115920071331361
1,75926,8430,2023,1,0,5,80,125.7909164079465,0.5723864550993312
1,375557,8430,2023,1,0,5,265,130.97515734890476,0.5057541232116801
1,775984,8430,2023,1,0,5,5,137.90337921940954,26.58067584388191
1,75926,8427,2023,1,4,4,19,116.9552181615727,5.1555377979775106
1,375557,8427,2023,1,4,4,300,122.13945910253096,0.5928684696582301
1,775984,8427,2023,1,4,4,10,129.06768097303575,11.906768097303575
1,7650916,8427,2023,1,4,4,70,248.01833674951922,2.543119096421703
1,75926,8426,2023,1,3,4,10,118.67686207330553,10.867686207330554
1,375557,8426,2023,1,3,4,825,123.86110301426379,0.8498653296796802
1,7650916,8426,2023,1,3,4,210,249.73998066125205,0.18923800314881928
1,75926,8425,2023,1,2,4,40,120.39850598515477,2.009962649628869
1,375557,8425,2023,1,2,4,340,125.58274692611303,0.6306389796290793
1,534545,8425,2023,1,2,4,5,128.3335707685328,24.66671415370656
1,775984,8425,2023,1,2,4,60,132.51096879661782,1.208516146610297
1,75926,8424,2023,1,1,4,30,122.12014989700401,3.070671663233467
1,375557,8424,2023,1,1,4,5,127.30439083796227,24.460878167592455
1,75926,8423,2023,1,0,4,10,123.84179380885325,11.384179380885325
1,375557,8423,2023,1,0,4,380,129.02603474981152,0.6604578032899697
1,775984,8423,2023,1,0,4,5,135.9542566203163,26.19085132406326
1,3150593,8423,2023,1,0,4,144,177.0399426696822,0.22944404631723753
1,7650915,8423,2023,1,0,4,70,254.90489509468898,2.6414985013526997
1,7650916,8423,2023,1,0,4,70,254.90491239679977,2.641498748525711
1,75926,8420,2023,1,4,3,135,115.00609556242125,0.14810299583391665
1,375557,8420,2023,1,4,3,570,120.19033650337951,0.7891397605203868
1,775984,8420,2023,1,4,3,90,127.1185583738843,0.4124284263764922
1,75926,8419,2023,1,3,3,35,116.72773947421229,2.3350782706917794
1,375557,8419,2023,1,3,3,185,121.91198041517055,0.3410163220801592
1,775984,8419,2023,1,3,3,10,128.84020228567533,11.884020228567532
1,75926,8418,2023,1,2,3,40,118.44938338606153,1.9612345846515382
1,375557,8418,2023,1,2,3,565,123.63362432701979,0.7811794259698764
1,775984,8418,2023,1,2,3,5,130.56184619752457,25.112369239504915
1,75926,8417,2023,1,1,3,115,120.17102729791077,0.04496545476444146
1,375557,8417,2023,1,1,3,180,125.35526823886903,0.3035818431173943
1,375557,8416,2023,1,0,3,20,127.07691215066006,5.353845607533003
1,1467943,8416,2023,1,0,3,25,145.97746724868193,4.839098689947277
1,75926,8413,2023,1,4,2,20,113.05697296332801,4.6528486481664
1,775984,8413,2023,1,4,2,5,125.16943577479105,24.03388715495821
1,75926,8412,2023,1,3,2,15,114.77861687511904,6.651907791674603
1,375557,8412,2023,1,3,2,250,119.9628578160773,0.5201485687356908
1,534545,8412,2023,1,3,2,5,122.71368165849708,23.542736331699416
1,75926,8411,2023,1,2,2,5,116.50026078691008,22.300052157382016
1,375557,8411,2023,1,2,2,550,121.68450172786834,0.7787554514038757
1,7650915,8411,2023,1,2,2,140,247.5633620727458,0.7683097290910414
1,7650916,8411,2023,1,2,2,140,247.5633793748566,0.7683098526775471
1,75926,8410,2023,1,1,2,25,118.22190469875932,3.7288761879503727
1,375557,8410,2023,1,1,2,20,123.40614563971758,5.170307281985879
1,775984,8410,2023,1,1,2,10,130.33436751022236,12.033436751022236
1,3151038,8410,2023,1,1,2,7,171.42775298730703,23.48967899818672
1,75926,8409,2023,1,0,2,30,119.94354861060856,2.998118287020285
1,375557,8409,2023,1,0,2,20,125.12778955156682,5.256389477578341
1,775984,8409,2023,1,0,2,30,132.0560114220716,3.4018670474023867
1,2162378,8409,2023,1,0,2,100,156.0435178388143,0.5604351783881429
1,3150146,8409,2023,1,0,2,20,173.13396343955537,7.6566981719777685
1,75926,8406,2023,1,4,1,15,111.10785036423476,6.407190024282317
1,375557,8406,2023,1,4,1,535,116.29209130519303,0.7826316050370223
1,75926,8405,2023,1,3,1,80,112.8294942760258,0.4103686784503225
1,775984,8405,2023,1,3,1,5,124.94195708748884,23.98839141749777
1,75926,8404,2023,1,2,1,30,114.55113818787504,2.818371272929168
1,375557,8404,2023,1,2,1,285,119.7353791288333,0.579875862705848
1,75926,8403,2023,1,1,1,40,116.27278209972428,1.906819552493107
1,375557,8403,2023,1,1,1,40,121.45702304068254,2.0364255760170638
1,775984,8403,2023,1,1,1,30,128.38524491118733,3.2795081637062444
1,75926,8362,2022,11,2,47,10,127.89294774545124,11.789294774545123
1,534545,8362,2022,11,2,47,5,135.82801252888748,26.165602505777496
1,3151038,8361,2022,11,1,47,12,182.82043994578999,14.235036662149165
1,75926,8360,2022,11,0,47,155,131.3362355690915,0.15266944794134507
1,375557,8360,2022,11,0,47,140,136.52047651010798,0.024853739213514407
1,775984,8360,2022,11,0,47,25,143.44869838061277,4.73794793522451
1,7362822,8360,2022,11,0,47,60,257.4147273672861,3.290245456121435
1,7650916,8360,2022,11,0,47,840,262.39935415709624,0.6876198164796473
1,775984,8357,2022,11,4,46,115,134.61300013429718,0.1705478272547581
1,75926,8356,2022,11,3,46,20,124.22218123456696,5.211109061728348
1,375557,8356,2022,11,3,46,20,129.40642217558343,5.470321108779172
1,775984,8356,2022,11,3,46,35,136.33464404608821,2.895275544173949
1,3150593,8355,2022,11,2,46,216,179.14197400724515,0.17063900922571687
1,75926,8354,2022,11,1,46,20,127.66546905820724,5.383273452910362
1,3151038,8354,2022,11,1,46,20,180.87131734675495,8.043565867337747
1,75926,8353,2022,11,0,46,160,129.38711297005648,0.19133054393714702
1,375557,8353,2022,11,0,46,230,134.57135391107295,0.4149071569083785
1,775984,8353,2022,11,0,46,10,141.49957578157773,13.149957578157773
1,75926,8349,2022,11,3,45,35,122.27305863547372,2.493515961013535
1,375557,8349,2022,11,3,45,125,127.45729957649019,0.01965839661192149
1,534545,8341,2022,11,2,44,10,129.98064473154955,11.998064473154955
1,775984,8341,2022,11,2,44,5,134.15804275963455,25.831608551926912
1,75926,8340,2022,11,1,44,40,123.76722385996254,2.0941805964990636
1,3151038,8340,2022,11,1,44,60,176.97307214851025,1.9495512024751709
1,75926,8339,2022,10,0,44,30,133.36871846218128,3.445623948739376
1,1467943,8339,2022,10,0,44,25,157.45351450121962,5.298140580048784
1,2162378,8339,2022,10,0,44,100,169.46868769044522,0.6946868769044522
1,3150146,8339,2022,10,0,44,20,186.5591332911863,8.327956664559315
1,3150593,8339,2022,10,0,44,144,186.56686732306844,0.2956032452990864
1,75926,8336,2022,10,4,43,40,124.53302021574927,2.113325505393732
1,75926,8335,2022,10,3,43,10,126.25466412759852,11.625466412759852
1,75926,8334,2022,10,2,43,50,127.97630803944776,1.5595261607889552
1,75926,8333,2022,10,1,43,15,129.697951951297,7.646530130086466
1,375557,8333,2022,10,1,43,750,134.88219289231347,0.820157076143582
1,3151038,8333,2022,10,1,43,8,182.9038002398447,21.86297502998059
1,75926,8332,2022,10,0,43,115,131.41959586308803,0.1427790944616351
1,534545,8332,2022,10,0,43,20,139.35466064652428,5.967733032326214
1,2912121,8332,2022,10,0,43,25,180.4916819811915,6.21966727924766
1,75926,8329,2022,10,4,42,5,122.58389761671424,23.516779523342848
1,775984,8329,2022,10,4,42,30,134.6963604282355,3.489878680941183
1,75926,8328,2022,10,3,42,35,124.30554152856348,2.5515869008160994
1,75926,8327,2022,10,2,42,95,126.02718544041272,0.32660195200434444
1,775984,8327,2022,10,2,42,5,138.13964825193398,26.627929650386797
1,75926,8326,2022,10,1,42,105,127.74882935220376,0.21665551764003577
1,375557,8326,2022,10,1,42,25,132.93307029322023,4.317322811728809
1,3151038,8326,2022,10,1,42,4,180.95467764075147,44.23866941018787
1,75926,8325,2022,10,0,42,105,129.4704732639948,0.2330521263237599
1,2912121,8325,2022,10,0,42,25,178.54255938209826,6.141702375283931
1,375557,8322,2022,10,4,41,25,125.81901595863746,4.032760638345499
1,775984,8321,2022,10,3,41,5,134.46888174093328,25.893776348186655
1,75926,8320,2022,10,2,41,10,124.07806284126127,11.407806284126128
1,75926,8319,2022,10,1,41,5,125.79970675311051,24.159941350622102
1,3151038,8319,2022,10,1,41,7,179.00555504165823,24.57222214880832
1,534545,8318,2022,10,0,41,50,135.4564154483378,1.709128308966756
1,2162378,8318,2022,10,0,41,400,163.6213198931655,0.5909467002670863
1,7362822,8318,2022,10,0,41,140,253.59984246309614,0.8114274461649724
1,7650916,8318,2022,10,0,41,980,258.5844692529063,0.7361382966807078
1,75926,8315,2022,10,4,40,95,118.68565241846954,0.2493226570365215
1,375557,8315,2022,10,4,40,50,123.86989335948601,1.4773978671897203
1,534545,8315,2022,10,4,40,25,126.62071720190579,4.064828688076232
1,3151038,8312,2022,10,1,40,37,177.05643244250678,3.7853089849326156
1,75926,8311,2022,10,0,40,85,125.5722280657501,0.47732033018529524
1,775984,8311,2022,10,0,40,40,137.68469087727135,2.442117271931784
1,2162378,8311,2022,10,0,40,50,161.67219729401404,2.2334439458802806
1,3150146,8311,2022,10,0,40,20,178.76264289475512,7.9381321447377555
1,7650916,8311,2022,10,0,40,70,256.6353466537548,2.666219237910783
1,3151038,8066,2022,1,0,5,15,181.47744159941794,11.098496106627863
1,3151038,8059,2022,1,0,4,14,179.5283190002665,11.823451357161892
1,1467943,8052,2022,1,0,3,25,148.45814415166387,4.938325766066555
1,3150146,8052,2022,1,0,3,20,177.56376294163056,7.878188147081528
1,3151038,8052,2022,1,0,3,10,177.57919640117325,16.757919640117326
1,3151038,8045,2022,1,0,2,9,175.63007380208,18.514452644675558
1,3151038,8038,2022,1,0,1,2,173.68095120298676,85.84047560149338
1,1467943,7996,2021,11,0,47,25,157.9017085111118,5.316068340444471
1,3151038,7996,2021,11,0,47,20,187.02276076062117,8.351138038031058
1,7362822,7996,2021,11,0,47,80,259.89540427026805,2.2486925533783504
1,3151038,7989,2021,11,0,46,9,185.07363816152792,19.563737573503104
1,3151038,7976,2021,11,1,44,10,179.4537490514922,16.94537490514922
1,3151038,7969,2021,10,1,43,20,185.38447714276845,8.269223857138423
1,1467943,7968,2021,10,0,43,675,157.9850688050501,0.7659480462147406
1,2162378,7968,2021,10,0,43,75,170.0002419942757,1.2666698932570095
1,3150593,7968,2021,10,0,43,360,187.09842162689893,0.48028216214750297
1,3151038,7962,2021,10,1,42,3,183.4353545437334,60.14511818124447
1,2162378,7961,2021,10,0,42,75,168.05111939524068,1.2406815919365424
1,7362822,7961,2021,10,0,42,100,258.0296419651713,1.5802964196517133
1,3151038,7955,2021,10,1,41,9,181.48623194464017,19.165136882737798
1,2162378,7954,2021,10,0,41,75,166.10199679608922,1.214693290614523
1,3151109,7954,2021,10,0,41,1000,183.20910430437652,0.8167908956956235
1,7362818,7954,2021,10,0,41,980,256.0804501576349,0.738693418206495
1,7362822,7954,2021,10,0,41,100,256.08051936601987,1.5608051936601988
1,2162378,7948,2021,10,1,40,50,162.43123028520495,2.248624605704099
1,2912121,7948,2021,10,1,40,25,175.40334717504447,6.016133887001779
1,3151038,7948,2021,10,1,40,12,179.53710934548872,13.961425778790726
1,7362818,7948,2021,10,1,40,900,252.40968364675064,0.7195447959480549
1,7362822,7948,2021,10,1,40,140,252.4097528551356,0.8029268061081114
1,2912121,7700,2021,1,5,4,50,169.2670141736744,2.385340283473488
1,3151038,7697,2021,1,2,4,4,178.56570807960816,43.64142701990204
1,1467943,7695,2021,1,0,4,675,152.88794365373906,0.7734993427352014
1,2162378,7695,2021,1,0,4,25,164.90311684296466,5.596124673718586
1,3150593,7695,2021,1,0,4,144,182.00129647558788,0.2638978921915825
1,3151038,7695,2021,1,0,4,9,182.00899590324843,19.223221767027603
1,7362818,7695,2021,1,0,4,420,254.88157020451035,0.3931391185606896
1,7362822,7695,2021,1,0,4,60,254.8816394128953,3.2480273235482553
1,2912121,7690,2021,1,2,3,25,172.48282331001246,5.899312932400498
1,3151038,7690,2021,1,2,3,10,176.6165854804567,16.661658548045672
1,1467943,7688,2021,1,0,3,675,150.9388210546458,0.7763869317708951
1,3151109,7688,2021,1,0,3,380,180.06110175215872,0.526154995389056
1,7362818,7688,2021,1,0,3,460,252.9324476054171,0.45014685303170193
1,7362822,7688,2021,1,0,3,120,252.93251681380207,1.1077709734483505
1,3151038,7683,2021,1,2,2,15,174.66746288136346,10.644497525424232
1,1467943,7681,2021,1,0,2,675,148.98969845549436,0.779274520806675
1,2162378,7681,2021,1,0,2,25,161.00487164471997,5.440194865788799
1,3150593,7681,2021,1,0,2,432,178.10305127734318,0.5877244183394834
1,3151109,7681,2021,1,0,2,360,178.11197915300727,0.5052445023527576
1,7362818,7681,2021,1,0,2,260,250.98332500626566,0.03467951920667054
1,3150146,7677,2021,1,3,1,40,170.98126291087829,3.274531572771957
1,3151038,7677,2021,1,3,1,6,170.99669637042098,27.49944939507016
1,1467943,7674,2021,1,0,1,675,147.04057585645933,0.7821621098422825
1,7362818,7674,2021,1,0,1,280,249.03420240723062,0.11059213425989063
1,7362822,7674,2021,1,0,1,40,249.03427161561558,5.22585679039039
1,3151038,7634,2020,11,2,48,4,185.1531071093632,45.2882767773408
1,1467943,7632,2020,11,0,48,675,159.47534268343588,0.7637402330615765
1,2162378,7632,2020,11,0,48,25,171.4905158726615,5.8596206349064595
1,3150146,7632,2020,11,0,48,20,188.58096147346077,8.429048073673039
1,3151109,7632,2020,11,0,48,380,188.597623381007,0.5036904647868237
1,7362818,7632,2020,11,0,48,420,261.4689692342654,0.37745483515651096
1,1467943,7625,2020,11,0,47,675,157.52622008434264,0.7666278220972702
1,3150593,7625,2020,11,0,47,216,186.63957290624967,0.1359279032118071
1,3151038,7625,2020,11,0,47,8,186.64727233391022,22.330909041738778
1,3151109,7625,2020,11,0,47,340,186.64850078191375,0.45103382122966545
1,7362818,7625,2020,11,0,47,360,259.51984663517214,0.2791115371245218
1,7362822,7625,2020,11,0,47,100,259.5199158435571,1.595199158435571
1,3151038,7620,2020,11,2,46,32,181.2548619111767,4.664214434724272
1,1467943,7611,2020,11,0,45,675,153.62797488615615,0.7724030001686576
1,3150593,7611,2020,11,0,45,216,182.74132770806318,0.1539753346848927
1,3151038,7611,2020,11,0,45,8,182.74902713572374,21.843628391965467
1,7362818,7611,2020,11,0,45,320,255.62160143698566,0.20118249550941983
1,7362822,7611,2020,11,0,45,100,255.6216706453706,1.5562167064537062
1,2912121,7606,2020,10,2,44,25,181.10270523291547,6.244108209316619
1,3151038,7606,2020,10,2,44,10,185.2364674033597,17.52364674033597
1,2162378,7604,2020,10,0,44,25,171.573876166658,5.86295504666632
1,3150593,7604,2020,10,0,44,216,188.67205579933943,0.12651826018824336
1,3151109,7604,2020,10,0,44,660,188.68098367500352,0.7141197217045401
1,7362818,7604,2020,10,0,44,360,261.5523295282619,0.2734657513103836
1,7362822,7604,2020,10,0,44,80,261.55239873664686,2.269404984208086
1,3151038,7599,2020,10,2,43,10,183.28734480426647,17.328734480426647
1,1467943,7597,2020,10,0,43,700,157.60958037828095,0.7748434566024558
1,3150146,7597,2020,10,0,43,20,186.71519916830584,8.335759958415291
1,3150593,7597,2020,10,0,43,216,186.72293320018798,0.13554197592505565
1,7362818,7597,2020,10,0,43,280,259.60320692911046,0.07284568953889123
1,7362822,7597,2020,10,0,43,100,259.6032761374954,1.596032761374954
1,3151038,7592,2020,10,2,42,12,181.33822220517322,14.11151851709777
1,1467943,7590,2020,10,0,42,675,155.66045777924592,0.7693919144011172
1,3151038,7590,2020,10,0,42,6,184.7815100288135,29.796918338135583
1,3151109,7590,2020,10,0,42,400,184.78273847681703,0.5380431538079574
1,7362818,7590,2020,10,0,42,280,257.6540843300754,0.07980684167830207
1,3151038,7585,2020,10,2,41,10,179.38909960607998,16.938909960607997
1,3150593,7583,2020,10,0,41,288,182.8246880020597,0.36519205554840384
1,3151109,7583,2020,10,0,41,520,182.8336158777238,0.6483968925428388
1,7362818,7583,2020,10,0,41,700,255.70496173098218,0.6347071975271683
